<?xml version='1.0' encoding='UTF-8'?>
<Rows>
<Row><category_id>1</category_id> <category_name>Children Bicycles</category_name> <last_updated>2022-08-22 10:10:53.453</last_updated> <tracking_id>75EUZMP7AFF4SS8RJRWU202208101140590000000001</tracking_id></Row>
<Row><category_id>2</category_id> <category_name>Comfort Bicycles</category_name> <last_updated>2022-08-22 10:10:53.453</last_updated> <tracking_id>75EUZMP7AFF4SS8RJRWU202208101140590000000001</tracking_id></Row>
<Row><category_id>3</category_id> <category_name>Cruisers Bicycles</category_name> <last_updated>2022-08-22 10:10:53.453</last_updated> <tracking_id>75EUZMP7AFF4SS8RJRWU202208101140590000000001</tracking_id></Row>
<Row><category_id>4</category_id> <category_name>Cyclocross Bicycles</category_name> <last_updated>2022-08-22 10:10:53.453</last_updated> <tracking_id>75EUZMP7AFF4SS8RJRWU202208101140590000000001</tracking_id></Row>
<Row><category_id>5</category_id> <category_name>Electric Bikes</category_name> <last_updated>2022-08-22 10:10:53.453</last_updated> <tracking_id>75EUZMP7AFF4SS8RJRWU202208101140590000000001</tracking_id></Row>
<Row><category_id>6</category_id> <category_name>Mountain Bikes</category_name> <last_updated>2022-08-22 10:10:53.453</last_updated> <tracking_id>75EUZMP7AFF4SS8RJRWU202208101140590000000001</tracking_id></Row>
<Row><category_id>7</category_id> <category_name>Road Bikes</category_name> <last_updated>2022-08-22 10:10:53.453</last_updated> <tracking_id>75EUZMP7AFF4SS8RJRWU202208101140590000000001</tracking_id></Row>
<Row><category_id>8</category_id> <category_name>Mens clothing</category_name> <last_updated>2022-08-18 12:30:55.040</last_updated> <tracking_id>75EUZMP7AFF4SS8RJRWU202208181151070000000002</tracking_id></Row>
<Row><category_id>9</category_id> <category_name>Ostentatious goods</category_name> <last_updated>2022-08-18 12:30:55.387</last_updated> <tracking_id>75EUZMP7AFF4SS8RJRWU202208181151070000000003</tracking_id></Row>
<Row><category_id>10</category_id> <category_name>Dirt bikes</category_name> <last_updated>2022-08-18 12:30:55.883</last_updated> <tracking_id>75EUZMP7AFF4SS8RJRWU202208181151070000000004</tracking_id></Row>
</Rows>
