<?xml version='1.0' encoding='UTF-8'?>
<Rows>
<Row><brand_id>1</brand_id> <brand_name>Electro</brand_name> <last_updated>2022-08-25 11:18:01.900</last_updated> <tracking_id>75EUZMP7AFF4SS8RJRWU202208101138060000000001</tracking_id></Row>
<Row><brand_id>2</brand_id> <brand_name>Haro</brand_name> <last_updated>2022-08-22 10:10:53.370</last_updated> <tracking_id>75EUZMP7AFF4SS8RJRWU202208101138060000000001</tracking_id></Row>
<Row><brand_id>3</brand_id> <brand_name>Hellboy</brand_name> <last_updated>2022-08-25 11:18:01.907</last_updated> <tracking_id>75EUZMP7AFF4SS8RJRWU202208101138060000000001</tracking_id></Row>
<Row><brand_id>4</brand_id> <brand_name>Pure Cycles</brand_name> <last_updated>2022-08-22 10:10:53.370</last_updated> <tracking_id>75EUZMP7AFF4SS8RJRWU202208101138060000000001</tracking_id></Row>
<Row><brand_id>5</brand_id> <brand_name>Ritchey</brand_name> <last_updated>2022-08-22 10:10:53.370</last_updated> <tracking_id>75EUZMP7AFF4SS8RJRWU202208101138060000000001</tracking_id></Row>
<Row><brand_id>6</brand_id> <brand_name>Strider</brand_name> <last_updated>2022-08-22 10:10:53.370</last_updated> <tracking_id>75EUZMP7AFF4SS8RJRWU202208101138060000000001</tracking_id></Row>
<Row><brand_id>7</brand_id> <brand_name>Sun Bicycles</brand_name> <last_updated>2022-08-22 10:10:53.370</last_updated> <tracking_id>75EUZMP7AFF4SS8RJRWU202208101138060000000001</tracking_id></Row>
<Row><brand_id>8</brand_id> <brand_name>Surly</brand_name> <last_updated>2022-08-22 10:10:53.370</last_updated> <tracking_id>75EUZMP7AFF4SS8RJRWU202208101138060000000001</tracking_id></Row>
<Row><brand_id>9</brand_id> <brand_name>Trek</brand_name> <last_updated>2022-08-22 10:10:53.370</last_updated> <tracking_id>75EUZMP7AFF4SS8RJRWU202208101138060000000001</tracking_id></Row>
<Row><brand_id>10</brand_id> <brand_name>Chanel Dior</brand_name> <last_updated>2022-08-22 10:10:53.370</last_updated> <tracking_id>75EUZMP7AFF4SS8RJRWU202208141925210000000024</tracking_id></Row>
<Row><brand_id>11</brand_id> <brand_name>Hermes</brand_name> <last_updated>2022-08-22 10:10:53.370</last_updated> <tracking_id>75EUZMP7AFF4SS8RJRWU202208141926510000000025</tracking_id></Row>
<Row><brand_id>12</brand_id> <brand_name>Louis Vuitton</brand_name> <last_updated>2022-08-22 10:10:53.370</last_updated> <tracking_id>75EUZMP7AFF4SS8RJRWU202208141926510000000026</tracking_id></Row>
<Row><brand_id>13</brand_id> <brand_name>Hermes</brand_name> <last_updated>2022-08-22 10:10:53.370</last_updated> <tracking_id>75EUZMP7AFF4SS8RJRWU202208171555060000000002</tracking_id></Row>
<Row><brand_id>14</brand_id> <brand_name>Zara</brand_name> <last_updated>2022-08-22 10:10:53.370</last_updated> <tracking_id>75EUZMP7AFF4SS8RJRWU202208171622280000000003</tracking_id></Row>
<Row><brand_id>16</brand_id> <brand_name>Chanel</brand_name> <last_updated>2022-08-18 12:30:55.153</last_updated> <tracking_id>75EUZMP7AFF4SS8RJRWU202208181151070000000005</tracking_id></Row>
<Row><brand_id>17</brand_id> <brand_name>Acer</brand_name> <last_updated>2022-08-18 12:30:55.673</last_updated> <tracking_id>75EUZMP7AFF4SS8RJRWU202208181151070000000006</tracking_id></Row>
<Row><brand_id>18</brand_id> <brand_name>Dell</brand_name> <last_updated>2022-08-18 12:30:56.223</last_updated> <tracking_id>75EUZMP7AFF4SS8RJRWU202208181151070000000007</tracking_id></Row>
<Row><brand_id>19</brand_id> <brand_name>HPX-2000</brand_name> <last_updated>2022-08-18 12:30:56.437</last_updated> <tracking_id>75EUZMP7AFF4SS8RJRWU202208181151070000000008</tracking_id></Row>
<Row><brand_id>21</brand_id> <brand_name>Dell 1290</brand_name> <last_updated>2022-08-25 10:31:51.770</last_updated> <tracking_id>75EUZMP7AFF4SS8RJRWU202208251031510000000004</tracking_id></Row>
</Rows>
