<?xml version='1.0' encoding='UTF-8'?>
<Rows>
<Row><store_id>1</store_id> <store_name>Groupe SIA</store_name> <phone></phone> <email></email> <street></street> <city>Yaounde</city> <state></state> <zip_code></zip_code> <last_updated>2022-08-18 12:30:54.933</last_updated> <tracking_id>75EUZMP7AFF4SS8RJRWU202208181151070000000002</tracking_id></Row>
<Row><store_id>2</store_id> <store_name>Dovv</store_name> <phone></phone> <email></email> <street></street> <city>Douala</city> <state></state> <zip_code></zip_code> <last_updated>2022-08-18 12:30:55.493</last_updated> <tracking_id>75EUZMP7AFF4SS8RJRWU202208181151070000000003</tracking_id></Row>
<Row><store_id>3</store_id> <store_name>Seme Beach</store_name> <phone></phone> <email></email> <street></street> <city>Limbe</city> <state></state> <zip_code></zip_code> <last_updated>2022-08-18 12:30:56.010</last_updated> <tracking_id>75EUZMP7AFF4SS8RJRWU202208181151070000000004</tracking_id></Row>
<Row><store_id>4</store_id> <store_name>Cross river</store_name> <phone></phone> <email></email> <street></street> <city>Calaba</city> <state></state> <zip_code></zip_code> <last_updated>2022-08-18 12:30:56.327</last_updated> <tracking_id>75EUZMP7AFF4SS8RJRWU202208181151070000000005</tracking_id></Row>
<Row><store_id>5</store_id> <store_name>Baldwin Bikes</store_name> <phone>(516) 379-8888</phone> <email>baldwin@bikes.shop</email> <street>4200 Chestnut Lane</street> <city>Baldwin</city> <state>NY</state> <zip_code>11432</zip_code> <last_updated>2022-08-22 10:11:12.093</last_updated> <tracking_id>75EUZMP7AFF4SS8RJRWU202208101429040000000005</tracking_id></Row>
<Row><store_id>6</store_id> <store_name>Rowlett Bikes</store_name> <phone>(972) 530-5555</phone> <email>rowlett@bikes.shop</email> <street>8000 Fairway Avenue</street> <city>Rowlett</city> <state>TX</state> <zip_code>75088</zip_code> <last_updated>2022-08-22 10:11:12.093</last_updated> <tracking_id>75EUZMP7AFF4SS8RJRWU202208101429040000000006</tracking_id></Row>
<Row><store_id>7</store_id> <store_name>Santa Cruz Bikes</store_name> <phone>(831) 476-4321</phone> <email>santacruz@bikes.shop</email> <street>3700 Portola Drive</street> <city>Santa Cruz</city> <state>CA</state> <zip_code>95060</zip_code> <last_updated>2022-08-22 10:11:12.093</last_updated> <tracking_id>75EUZMP7AFF4SS8RJRWU202208141921360000000007</tracking_id></Row>
<Row><store_id>8</store_id> <store_name>Baldwin Bikes</store_name> <phone>(516) 379-8888</phone> <email>baldwin@bikes.shop</email> <street>4200 Chestnut Lane</street> <city>Baldwin</city> <state>NY</state> <zip_code>11432</zip_code> <last_updated>2022-08-22 10:11:12.093</last_updated> <tracking_id>75EUZMP7AFF4SS8RJRWU202208141921360000000008</tracking_id></Row>
<Row><store_id>9</store_id> <store_name>Rowlett Bikes</store_name> <phone>(972) 530-5555</phone> <email>rowlett@bikes.shop</email> <street>8000 Fairway Avenue</street> <city>Rowlett</city> <state>TX</state> <zip_code>75088</zip_code> <last_updated>2022-08-22 10:11:12.093</last_updated> <tracking_id>75EUZMP7AFF4SS8RJRWU202208141921360000000009</tracking_id></Row>
<Row><store_id>10</store_id> <store_name>Santa Cruz Bikes</store_name> <phone>(831) 476-4321</phone> <email>santacruz@bikes.shop</email> <street>3700 Portola Drive</street> <city>Santa Cruz</city> <state>CA</state> <zip_code>95060</zip_code> <last_updated>2022-08-22 10:11:12.093</last_updated> <tracking_id>75EUZMP7AFF4SS8RJRWU202208141922250000000010</tracking_id></Row>
<Row><store_id>11</store_id> <store_name>Baldwin Bikes</store_name> <phone>(516) 379-8888</phone> <email>baldwin@bikes.shop</email> <street>4200 Chestnut Lane</street> <city>Baldwin</city> <state>NY</state> <zip_code>11432</zip_code> <last_updated>2022-08-22 10:11:12.093</last_updated> <tracking_id>75EUZMP7AFF4SS8RJRWU202208141922250000000011</tracking_id></Row>
<Row><store_id>12</store_id> <store_name>Rowlett Bikes</store_name> <phone>(972) 530-5555</phone> <email>rowlett@bikes.shop</email> <street>8000 Fairway Avenue</street> <city>Rowlett</city> <state>TX</state> <zip_code>75088</zip_code> <last_updated>2022-08-22 10:11:12.093</last_updated> <tracking_id>75EUZMP7AFF4SS8RJRWU202208141922250000000012</tracking_id></Row>
<Row><store_id>13</store_id> <store_name>Groupe SIA</store_name> <phone/> <email/> <street/> <city>Yaounde</city> <state/> <zip_code/> <last_updated>2022-08-22 10:11:12.093</last_updated> <tracking_id>75EUZMP7AFF4SS8RJRWU202208181151070000000002</tracking_id></Row>
<Row><store_id>14</store_id> <store_name>Dovv</store_name> <phone/> <email/> <street/> <city>Douala</city> <state/> <zip_code/> <last_updated>2022-08-22 10:11:12.093</last_updated> <tracking_id>75EUZMP7AFF4SS8RJRWU202208181151070000000003</tracking_id></Row>
<Row><store_id>15</store_id> <store_name>Seme Beach</store_name> <phone/> <email/> <street/> <city>Limbe</city> <state/> <zip_code/> <last_updated>2022-08-22 10:11:12.093</last_updated> <tracking_id>75EUZMP7AFF4SS8RJRWU202208181151070000000004</tracking_id></Row>
<Row><store_id>16</store_id> <store_name>Cross river</store_name> <phone/> <email/> <street/> <city>Calaba</city> <state/> <zip_code/> <last_updated>2022-08-22 10:11:12.093</last_updated> <tracking_id>75EUZMP7AFF4SS8RJRWU202208181151070000000005</tracking_id></Row>
</Rows>
