<?xml version='1.0' encoding='UTF-8'?>
<Rows>
<Row><staff_id>1</staff_id> <first_name>Fabiola</first_name> <last_name>Jackson</last_name> <email>fabiola.jackson@bikes.shop</email> <phone>(831) 555-5554</phone> <active>1</active> <store_id>1</store_id> <manager_id/> <tracking_id>75EUZMP7AFF4SS8RJRWU202208171529290000000002</tracking_id> <last_updated>2022-08-17 15:29:31.403</last_updated></Row>
<Row><staff_id>2</staff_id> <first_name>Mireya</first_name> <last_name>Copeland</last_name> <email>mireya.copeland@bikes.shop</email> <phone>(831) 555-5555</phone> <active>1</active> <store_id>1</store_id> <manager_id>1</manager_id> <tracking_id>75EUZMP7AFF4SS8RJRWU202208171529310000000003</tracking_id> <last_updated>2022-08-17 15:29:31.487</last_updated></Row>
<Row><staff_id>3</staff_id> <first_name>Genna</first_name> <last_name>Serrano</last_name> <email>genna.serrano@bikes.shop</email> <phone>(831) 555-5556</phone> <active>1</active> <store_id>1</store_id> <manager_id>2</manager_id> <tracking_id>75EUZMP7AFF4SS8RJRWU202208171529310000000004</tracking_id> <last_updated>2022-08-17 15:29:31.533</last_updated></Row>
<Row><staff_id>4</staff_id> <first_name>Virgie</first_name> <last_name>Wiggins</last_name> <email>virgie.wiggins@bikes.shop</email> <phone>(831) 555-5557</phone> <active>1</active> <store_id>1</store_id> <manager_id>2</manager_id> <tracking_id>75EUZMP7AFF4SS8RJRWU202208171529310000000005</tracking_id> <last_updated>2022-08-17 15:29:31.580</last_updated></Row>
<Row><staff_id>5</staff_id> <first_name>Jannette</first_name> <last_name>David</last_name> <email>jannette.david@bikes.shop</email> <phone>(516) 379-4444</phone> <active>1</active> <store_id>2</store_id> <manager_id>1</manager_id> <tracking_id>75EUZMP7AFF4SS8RJRWU202208171529310000000006</tracking_id> <last_updated>2022-08-17 15:29:31.623</last_updated></Row>
<Row><staff_id>6</staff_id> <first_name>Marcelene</first_name> <last_name>Boyer</last_name> <email>marcelene.boyer@bikes.shop</email> <phone>(516) 379-4445</phone> <active>1</active> <store_id>2</store_id> <manager_id>5</manager_id> <tracking_id>75EUZMP7AFF4SS8RJRWU202208171529310000000007</tracking_id> <last_updated>2022-08-17 15:29:31.657</last_updated></Row>
<Row><staff_id>7</staff_id> <first_name>Venita</first_name> <last_name>Daniel</last_name> <email>venita.daniel@bikes.shop</email> <phone>(516) 379-4446</phone> <active>1</active> <store_id>2</store_id> <manager_id>5</manager_id> <tracking_id>75EUZMP7AFF4SS8RJRWU202208171529310000000008</tracking_id> <last_updated>2022-08-17 15:29:31.700</last_updated></Row>
<Row><staff_id>8</staff_id> <first_name>Kali</first_name> <last_name>Vargas</last_name> <email>kali.vargas@bikes.shop</email> <phone>(972) 530-5555</phone> <active>1</active> <store_id>3</store_id> <manager_id>1</manager_id> <tracking_id>75EUZMP7AFF4SS8RJRWU202208171529310000000009</tracking_id> <last_updated>2022-08-17 15:29:31.737</last_updated></Row>
<Row><staff_id>9</staff_id> <first_name>Layla</first_name> <last_name>Terrell</last_name> <email>layla.terrell@bikes.shop</email> <phone>(972) 530-5556</phone> <active>1</active> <store_id>3</store_id> <manager_id>7</manager_id> <tracking_id>75EUZMP7AFF4SS8RJRWU202208171529310000000010</tracking_id> <last_updated>2022-08-17 15:29:31.773</last_updated></Row>
<Row><staff_id>10</staff_id> <first_name>Bernardine</first_name> <last_name>Houston</last_name> <email>bernardine.houston@bikes.shop</email> <phone>(972) 530-5557</phone> <active>1</active> <store_id>3</store_id> <manager_id>7</manager_id> <tracking_id>75EUZMP7AFF4SS8RJRWU202208171529310000000011</tracking_id> <last_updated>2022-08-17 15:29:31.807</last_updated></Row>
</Rows>
