<?xml version='1.0' encoding='UTF-8'?>
<Rows>
<Row><brand_id>16</brand_id> <brand_name>Chanel</brand_name> <last_updated>2022-08-18 11:51:07.663</last_updated> <tracking_id>75EUZMP7AFF4SS8RJRWU202208181151070000000005</tracking_id></Row>
<Row><brand_id>17</brand_id> <brand_name>Acer</brand_name> <last_updated>2022-08-18 11:51:07.663</last_updated> <tracking_id>75EUZMP7AFF4SS8RJRWU202208181151070000000006</tracking_id></Row>
<Row><brand_id>18</brand_id> <brand_name>Dell</brand_name> <last_updated>2022-08-18 11:51:07.663</last_updated> <tracking_id>75EUZMP7AFF4SS8RJRWU202208181151070000000007</tracking_id></Row>
<Row><brand_id>19</brand_id> <brand_name>HPX-2000</brand_name> <last_updated>2022-08-18 11:51:07.663</last_updated> <tracking_id>75EUZMP7AFF4SS8RJRWU202208181151070000000008</tracking_id></Row>
</Rows>
