<?xml version='1.0' encoding='UTF-8'?>
<Rows>
<Row><category_id>8</category_id> <category_name>Mens clothing</category_name> <last_updated>2022-08-18 11:51:07.687</last_updated> <tracking_id>75EUZMP7AFF4SS8RJRWU202208181151070000000002</tracking_id></Row>
<Row><category_id>9</category_id> <category_name>Ostentatious goods</category_name> <last_updated>2022-08-18 11:51:07.687</last_updated> <tracking_id>75EUZMP7AFF4SS8RJRWU202208181151070000000003</tracking_id></Row>
<Row><category_id>10</category_id> <category_name>Dirt bikes</category_name> <last_updated>2022-08-18 11:51:07.687</last_updated> <tracking_id>75EUZMP7AFF4SS8RJRWU202208181151070000000004</tracking_id></Row>
</Rows>
