<?xml version='1.0' encoding='UTF-8'?>
<Rows>
<Row><store_id>13</store_id> <store_name>Groupe SIA</store_name> <phone/> <email/> <street/> <city>Yaounde</city> <state/> <zip_code/> <last_updated>2022-08-18 11:51:07.707</last_updated> <tracking_id>75EUZMP7AFF4SS8RJRWU202208181151070000000002</tracking_id></Row>
<Row><store_id>14</store_id> <store_name>Dovv</store_name> <phone/> <email/> <street/> <city>Douala</city> <state/> <zip_code/> <last_updated>2022-08-18 11:51:07.707</last_updated> <tracking_id>75EUZMP7AFF4SS8RJRWU202208181151070000000003</tracking_id></Row>
<Row><store_id>15</store_id> <store_name>Seme Beach</store_name> <phone/> <email/> <street/> <city>Limbe</city> <state/> <zip_code/> <last_updated>2022-08-18 11:51:07.707</last_updated> <tracking_id>75EUZMP7AFF4SS8RJRWU202208181151070000000004</tracking_id></Row>
<Row><store_id>16</store_id> <store_name>Cross river</store_name> <phone/> <email/> <street/> <city>Calaba</city> <state/> <zip_code/> <last_updated>2022-08-18 11:51:07.707</last_updated> <tracking_id>75EUZMP7AFF4SS8RJRWU202208181151070000000005</tracking_id></Row>
</Rows>
